Feature,Coefficient
CDKN2D,-1.25067294427492
WSB2,-0.84922310679612
CBLN4,-0.462032637794441
SLC17A6,0.345058430664778
SGIP1,-0.333988057167891
AK5,0.308913655406422
FZD7,0.17357024726322
C1orf115,-0.0840385013384925
CREG2,-0.0239164006640113
